,C++,Java,C
CJ,1.925833,-1.161619,-0.77367
DT,-1.71782,2.673699,-1.10366
D,0.820697,-3.73271 *,3.216845 *
P,0.229875,1.52357,-1.913143
