,ATTRIBUTE,DECLARATION,PARAMETER,FUNCTION,CLASS,Chi-square per row
CJ,1.0,1.364027245636441,0.4090599604656269,12.166810344827582,0.2206896551724138,15.160587206102065
DT,1.9702072538860103,3.1801006712149587,2.4195992734961513,2.2229051277470075,2.6620689655172414,12.454881291861367
D,0.5596446700507615,0.16094309491240485,6.539480356010036,12.816430363498453,10.270540871696133,30.34703935616779
P,0.14367816091954022,3.8057613168724287,0.7900212314225056,18.67777777777778,2.4,25.817238486992252
Chi-square per column,3.673530084856312,8.510832328636234,10.15816082139432,45.883923613850826,15.553299492385788,83.77974634112348
Chi-square Sum,83.77974634112347,83.77974634112347,83.77974634112347,83.77974634112347,83.77974634112347,83.77974634112347
