,C++,Java,C,Chi-square per row
CJ,2.387763898662913,0.8008544400366189,0.42349410737669135,3.6121124460762233
DT,1.3035912095765572,2.9112753197430337,0.591340523743507,4.806207053063098
D,0.2944691126932128,5.615579589478431,4.971820653317881,10.881869355489524
P,0.024489795918367464,0.9917404129793518,1.8641350210970458,2.880365229994765
Chi-square per column,4.0103140168510505,10.319449762237435,7.850790305535125,22.18055408462361
Chi-square Sum,22.18055408462361,22.18055408462361,22.18055408462361,22.18055408462361
